patient_id,label,tabular_age,tabular_menopause,tabular_pregnancy_status,tabular_bilateral_lesion,tabular_months_detection_to_surgery,tabular_prior_ovarian_surgery,tabular_other_cancer_history,tabular_other_cancer_primary_site,tabular_oncology_center_flag,tabular_CA125,tabular_HE4,tabular_AFP,tabular_beta_hCG,tabular_ROMA,P_cancer_logistic,ChanDoan_logistic,P_cancer_random_forest,ChanDoan_random_forest,P_cancer_lightgbm,ChanDoan_lightgbm
mock_P001,0,42,0,0,0.0,2.0,0,0,,1,300.0,,,3.0,,0.0526,[DEMO - CHƯA VALIDATE] Mức độ nghi ngờ ác tính thấp (P = 0.0526 < 0.5),0.16,[DEMO - CHƯA VALIDATE] Mức độ nghi ngờ ác tính thấp (P = 0.1600 < 0.5),0.0003,[DEMO - CHƯA VALIDATE] Mức độ nghi ngờ ác tính thấp (P = 0.0003 < 0.5)
mock_P002,1,58,1,0,1.0,3.5,0,0,,1,850.0,210.0,1.2,1.0,88.0,0.9658,[DEMO - CHƯA VALIDATE] Mức độ nghi ngờ ác tính cao (P = 0.9658 >= 0.5),0.94,[DEMO - CHƯA VALIDATE] Mức độ nghi ngờ ác tính cao (P = 0.9400 >= 0.5),0.9999,[DEMO - CHƯA VALIDATE] Mức độ nghi ngờ ác tính cao (P = 0.9999 >= 0.5)
mock_P003,0,32,0,0,0.0,1.0,0,0,,0,18.0,42.0,0.9,2.0,5.0,0.0167,[DEMO - CHƯA VALIDATE] Mức độ nghi ngờ ác tính thấp (P = 0.0167 < 0.5),0.07,[DEMO - CHƯA VALIDATE] Mức độ nghi ngờ ác tính thấp (P = 0.0700 < 0.5),0.0001,[DEMO - CHƯA VALIDATE] Mức độ nghi ngờ ác tính thấp (P = 0.0001 < 0.5)
mock_P005,1,65,1,0,,6.0,0,0,,1,2100.0,430.0,1.5,1.0,97.0,0.9999,[DEMO - CHƯA VALIDATE] Mức độ nghi ngờ ác tính cao (P = 0.9999 >= 0.5),0.98,[DEMO - CHƯA VALIDATE] Mức độ nghi ngờ ác tính cao (P = 0.9800 >= 0.5),0.9999,[DEMO - CHƯA VALIDATE] Mức độ nghi ngờ ác tính cao (P = 0.9999 >= 0.5)
mock_P006,0,45,0,0,0.0,1.5,0,0,,0,55.0,,,8.0,,0.0019,[DEMO - CHƯA VALIDATE] Mức độ nghi ngờ ác tính thấp (P = 0.0019 < 0.5),0.06,[DEMO - CHƯA VALIDATE] Mức độ nghi ngờ ác tính thấp (P = 0.0600 < 0.5),0.0001,[DEMO - CHƯA VALIDATE] Mức độ nghi ngờ ác tính thấp (P = 0.0001 < 0.5)
mock_P007,0,37,0,0,0.0,0.5,0,0,,0,28.0,60.0,,3.0,12.0,0.0265,[DEMO - CHƯA VALIDATE] Mức độ nghi ngờ ác tính thấp (P = 0.0265 < 0.5),0.01,[DEMO - CHƯA VALIDATE] Mức độ nghi ngờ ác tính thấp (P = 0.0100 < 0.5),0.0001,[DEMO - CHƯA VALIDATE] Mức độ nghi ngờ ác tính thấp (P = 0.0001 < 0.5)
mock_P008,0,18,0,0,0.0,1.0,0,0,,0,12.0,35.0,1.1,1.0,3.0,0.0006,[DEMO - CHƯA VALIDATE] Mức độ nghi ngờ ác tính thấp (P = 0.0006 < 0.5),0.1,[DEMO - CHƯA VALIDATE] Mức độ nghi ngờ ác tính thấp (P = 0.1000 < 0.5),0.0002,[DEMO - CHƯA VALIDATE] Mức độ nghi ngờ ác tính thấp (P = 0.0002 < 0.5)
mock_P009,1,80,1,0,1.0,8.0,0,1,breast,1,1500.0,520.0,2.0,1.0,99.0,1.0,[DEMO - CHƯA VALIDATE] Mức độ nghi ngờ ác tính cao (P = 1.0000 >= 0.5),1.0,[DEMO - CHƯA VALIDATE] Mức độ nghi ngờ ác tính cao (P = 1.0000 >= 0.5),0.9999,[DEMO - CHƯA VALIDATE] Mức độ nghi ngờ ác tính cao (P = 0.9999 >= 0.5)
mock_P010,0,38,0,0,0.0,3.0,0,0,,0,5000.0,55.0,0.8,2.0,40.0,0.0,[DEMO - CHƯA VALIDATE] Mức độ nghi ngờ ác tính thấp (P = 0.0000 < 0.5),0.19,[DEMO - CHƯA VALIDATE] Mức độ nghi ngờ ác tính thấp (P = 0.1900 < 0.5),0.0003,[DEMO - CHƯA VALIDATE] Mức độ nghi ngờ ác tính thấp (P = 0.0003 < 0.5)
mock_P011,1,44,0,0,0.0,2.5,0,0,,1,22.0,48.0,1.0,1.0,7.0,0.7809,[DEMO - CHƯA VALIDATE] Mức độ nghi ngờ ác tính cao (P = 0.7809 >= 0.5),0.74,[DEMO - CHƯA VALIDATE] Mức độ nghi ngờ ác tính cao (P = 0.7400 >= 0.5),0.9997,[DEMO - CHƯA VALIDATE] Mức độ nghi ngờ ác tính cao (P = 0.9997 >= 0.5)
mock_P013,1,55,1,0,0.0,7.0,1,0,,1,120.0,90.0,1.3,2.0,45.0,0.9795,[DEMO - CHƯA VALIDATE] Mức độ nghi ngờ ác tính cao (P = 0.9795 >= 0.5),0.88,[DEMO - CHƯA VALIDATE] Mức độ nghi ngờ ác tính cao (P = 0.8800 >= 0.5),0.9998,[DEMO - CHƯA VALIDATE] Mức độ nghi ngờ ác tính cao (P = 0.9998 >= 0.5)
mock_P014,0,48,0,0,0.0,2.0,0,0,,0,,75.0,1.2,4.0,20.0,0.2852,[DEMO - CHƯA VALIDATE] Mức độ nghi ngờ ác tính thấp (P = 0.2852 < 0.5),0.07,[DEMO - CHƯA VALIDATE] Mức độ nghi ngờ ác tính thấp (P = 0.0700 < 0.5),0.0001,[DEMO - CHƯA VALIDATE] Mức độ nghi ngờ ác tính thấp (P = 0.0001 < 0.5)
